Allele,Length,Sequence
C1601,8,FAMNGKSF
C1601,8,FAANHQEF
C1601,8,FAFVHISF
C1601,8,FAMNGKSF
C1601,8,YAANPHSF
C1601,8,YAQVARLF
C1601,8,IANVAHTF
C1601,8,VAALSKIF
C1601,8,AASEQHVF
C1601,8,IAQVHQAF
C1601,8,YAGLKEEF
C1601,8,FAVIKEAF
C1601,8,NAAEGRSF
C1601,8,AANLRETF
C1601,8,FAGQQQQF
C1601,8,YASTGREF
C1601,8,LATVLGRF
C1601,8,FAMVKGYF
C1601,8,KAVTKEEF
C1601,8,FATNRDDF
C1601,8,VAPSRLDF
C1601,8,YAGTPRFF
C1601,8,VASKKEVF
C1601,8,FATDRNDF
C1601,8,AAAEPKLF
C1601,8,FAAEHTIF
C1601,8,VASIKTGF
C1601,8,AAAIRDAF
C1601,8,TAASARLF
C1601,8,VAAVRDAF
C1601,8,SASYKPVF
C1601,8,IAALRASF
C1601,8,AANIQPIF
C1601,8,IAAPARSF
C1601,8,FASPGRLF
C1601,8,LAQLQQEF
C1601,8,RATIGRYF
C1601,8,AATIRLIF
C1601,8,YAALHGEF
C1601,8,YAQERDAF
C1601,8,VASEHFYF
C1601,8,FAAEAKFF
C1601,8,AAQNRQEF
C1601,8,FASYRTSF
C1601,8,FAKEHQEF
C1601,8,SAATRKAF
C1601,8,AATHPRAF
C1601,8,RAAQGRAF
C1601,8,LALLGQTF
C1601,8,VAVTKSQF
C1601,8,VAGQRWTF
C1601,8,AADGRLVF
C1601,8,SAAPPRQF
C1601,8,YALLGRTL
C1601,8,YAVEGRDL
C1601,8,YAEVGRVL
C1601,8,YAFLREAL
C1601,8,LANLRPLL
C1601,8,FAGWGRAL
C1601,8,YALPHAIL
C1601,8,VAMVHPLL
C1601,8,KAALGRAL
C1601,8,YANIGKTL
C1601,8,HASNRPAL
C1601,8,SAGEPRVL
C1601,8,AASLRQEL
C1601,8,TAGQRIDL
C1601,8,FAQERQML
C1601,8,IASQGREL
C1601,8,VALLQPFL
C1601,8,VAAIHPSL
C1601,8,AAAVRHVL
C1601,8,TAAMGRVL
C1601,8,LASVRMEL
C1601,8,AAALRVEL
C1601,8,AAALRQAL
C1601,8,KAHLGTAL
C1601,8,AAAYRNAL
C1601,8,FATLQNEL
C1601,8,AAAQGRLL
C1601,8,VAYHQPTL
C1601,8,FAMIIDKL
C1601,8,AAAERMIL
C1601,8,IANYRPTL
C1601,8,FANNPREL
C1601,8,FALNHPEL
C1601,8,FAFVEFEL
C1601,8,FASNREEL
C1601,8,YAFLHRTL
C1601,8,SAMLQPLL
C1601,8,FASNHIQL
C1601,8,YAATRATL
C1601,8,LAAEGRVL
C1601,8,FAAKQREL
C1601,8,FATVRETL
C1601,8,IALLRNAL
C1601,8,VASNRHLL
C1601,8,MASQRTEL
C1601,8,NAHIQNEL
C1601,8,LATVRSDL
C1601,8,YATYPREL
C1601,8,AAGKPRVL
C1601,8,FAQAQQQL
C1601,8,AAYTRDAL
C1601,8,FAAVIQAL
C1601,8,AASLRLTL
C1601,8,SANIRQNL
C1601,8,VATEQPEL
C1601,8,FASTHLIL
C1601,8,LAAEPRLL
C1601,8,LAGLQQEL
C1601,8,IASYRTAL
C1601,8,FAIGVQQL
C1601,8,FASKRKVL
C1601,8,FAGSRSQL
C1601,8,VATVTRIL
C1601,8,YAAEGQKL
C1601,8,YAKVCLYL
C1601,8,VAAIPRLL
C1601,8,AASVRPVL
C1601,8,VAAQRLVL
C1601,8,YALLLQEL
C1601,8,VASSRQVL
C1601,8,FAVDPRFL
C1601,8,VASEPRKL
C1601,8,FASTKEVL
C1601,8,KAYERNEL
C1601,8,VASAREAL
C1601,8,NATIRNVL
C1601,8,AAGHRQLL
C1601,8,IALLLPQL
C1601,8,YASLHRTL
C1601,8,YAARARLL
C1601,8,KAAIRKEL
C1601,8,FALVGHLL
C1601,8,SASSRMVL
C1601,8,AAASHRVL
C1601,8,FASDRISL
C1601,8,IAMQLPVL
C1601,8,SAASRPVL
C1601,8,IATLRVAL
C1601,8,VARLPLLL
C1601,8,VAGERNVL
C1601,8,SATTRMVL
C1601,8,IANQQQVL
C1601,8,IATTRLWL
C1601,8,IAHVLPAL
C1601,8,YAKGALVL
C1601,8,FANKQLEL
C1601,8,FADREVQL
C1601,8,NANNRLLL
C1601,8,AASRQPEL
C1601,8,YAKCQNAL
C1601,8,NASIGKTL
C1601,8,VASGRLHL
C1601,8,NAAIREKL
C1601,8,FASGPREL
C1601,8,LASNRGTL
C1601,8,AARQPIEL
C1601,8,IALEHPML
C1601,8,VASFKHAL
C1601,8,NAHNRLEL
C1601,8,RAGERPEL
C1601,8,FAQPAFML
C1601,8,YAAQLPAL
C1601,8,TATKRRIL
C1601,8,DAHKGVAL
C1601,8,RANERLEL
C1601,8,TAAYVRIL
C1601,8,YAITRKAL
C1601,8,VALVHPDL
C1601,8,AAHTRQEL
C1601,8,YATQREKL
C1601,8,IAATRAQL
C1601,8,VAQNRNSL
C1601,8,AANERQQL
C1601,8,YAQERKQL
C1601,8,VASVHQDL
C1601,8,YAYLRDSL
C1601,8,YADGESFL
C1601,8,YASQHSQL
C1601,8,KAFIHHEL
C1601,8,TASLPREL
C1601,8,AAGHRAEL
C1601,8,LAAQGKEL
C1601,8,IATLRAVL
C1601,8,AAASREVL
C1601,8,TAGLRPIL
C1601,8,VATIRKVL
C1601,8,SAATRNSL
C1601,8,VATFRLML
C1601,8,IAGYRPFL
C1601,8,VAVIHQSL
C1601,8,FARVPLAL
C1601,8,SAAQRQQL
C1601,8,VASNGRTL
C1601,8,AAHNKDVL
C1601,8,IAAVSQEL
C1601,8,VATFRQIL
C1601,8,AANTQQTL
C1601,8,SAALPRIL
C1601,8,YAIIKEEL
C1601,8,AAQEPLQL
C1601,8,TAAFPRML
C1601,8,RANLRLTL
C1601,8,FACEQNLL
C1601,8,FAKAREAL
C1601,8,VASIRQHL
C1601,8,FALLQAQL
C1601,8,FAKNMYEL
C1601,8,YADRHAEL
C1601,8,SAGMRLVL
C1601,8,SANIGPFL
C1601,8,NALLTPEL
C1601,8,RATNHRVL
C1601,8,FASLQPSL
C1601,8,RALERREL
C1601,8,LADRESAL
C1601,8,AAEALGRL
C1601,8,FAHHGRSL
C1601,8,SANEKPAL
C1601,8,VAAYRRAL
C1601,8,TAGRVLEL
C1601,8,LAVLGRAL
C1601,8,LARELEEL
C1601,8,VANNQDKL
C1601,8,LANEKTEM
C1601,8,YAAERSMM
C1601,8,IALTRAEM
C1601,8,SAAEHFSM
C1601,8,FAHEHEEM
C1601,8,YAGKISQM
C1601,8,KAQAQPVM
C1601,8,YAKLHPEM
C1601,8,MANERISM
C1601,8,KALTHLEM
C1601,8,VAAVKWVM
C1601,8,IAASQHVM
C1601,8,NATVRTAM
C1601,8,VAAVREGM
C1601,8,LAAFPKLM
C1601,8,VAAMQPRM
C1601,8,SAARLTMM
C1601,8,AAGKKLSM
C1601,8,AANLKNVM
C1601,8,FAMPHSIM
C1601,8,RAIVRQAM
C1601,8,YAAIPREM
C1601,8,SAQYRGVM
C1601,8,HAGNKLAM
C1601,8,SASILPEM
C1601,8,YASNHPIM
C1601,8,KANIRTVM
C1601,8,YALETLTM
C1601,8,AAALRNLM
C1601,8,AAALRRQM
C1601,8,FAAEAIAM
C1601,8,YAQVKQKM
C1601,8,YANNHPSM
C1601,8,LANQRKEM
C1601,8,AAAERGEM
C1601,8,YAKSQPDM
C1601,8,LASKGRTM
C1601,8,SAAEARSM
C1601,8,YAGSKSAM
C1601,8,NASRKLEM
C1601,8,RATTREVM
C1601,8,VAGTHIEM
C1601,8,NATRRPQM
C1601,8,AANVRELM
C1601,8,YATKPKKM
C1601,8,FASKRYEM
C1601,8,YAREGEVM
C1601,8,YAGSRRSM
C1601,8,IALGHLVM
C1601,8,HAHNMRVM
C1601,8,FAQDVGRM
C1601,8,LASEKSEM
C1601,8,AARDVFLM
C1601,8,KATTHEIM
C1601,8,QAALRRTM
C1601,8,FAAASREV
C1601,8,FANYIDKV
C1601,8,AAATHLEV
C1601,8,VANNRLFV
C1601,8,YAATRATV
C1601,8,FASQPRLV
C1601,8,VAKTQPVV
C1601,8,VATWMLEV
C1601,8,RAFVHWYV
C1601,8,AAAYGRCV
C1601,8,SASNRLSV
C1601,8,LAALGRQV
C1601,8,SAAFQREV
C1601,8,FAGEIPKV
C1601,8,VAKINREV
C1601,8,VASVRPAV
C1601,8,SATWPKEV
C1601,8,FARIAIEV
C1601,8,SAQEIPVV
C1601,8,FASQPKVV
C1601,8,YAGAILEV
C1601,8,YAQIKEEV
C1601,8,AAMTRSSV
C1601,8,VAKVEPAV
C1601,8,VASNQHEV
C1601,8,VAAEKKVV
C1601,8,TASTRPSV
C1601,8,VAGKKPVV
C1601,8,FAARSKEV
C1601,8,FAKTKEEV
C1601,8,AAAELRAV
C1601,8,RARDARVV
C1601,8,FASQGKTV
C1601,8,FARLPLVV
C1601,8,YATVHQSY
C1601,8,YAAIRDNY
C1601,8,FAYDGKDY
C1601,8,YASFTRAY
C1601,8,AANDGRIY
C1601,8,KANITFEY
C1601,8,VASMRLAY
C1601,8,AAAERLGY
C1601,8,FAVTGRSY
C1601,8,AACQKTVY
C1601,8,FATFKMQY
C1601,8,FASLRSAY
C1601,8,VASVMQEY
C1601,8,LANIRSEY
C1601,8,SAAAARFY
C1601,8,LASWGHEY
C1601,8,FALVSQAY
C1601,8,SAAERDVY
C1601,8,SAIVGFIY
C1601,8,VAAYKDAY
C1601,8,FAKVHILY
C1601,8,SASLPRSY
C1601,8,SAGPMRLY
C1601,8,NASEHIVY
C1601,8,AAAAQIRY
C1601,8,FAALQLEY
C1601,8,VASCGRLY
C1601,8,FAAERDEY
C1601,8,LALLGTIY
C1601,8,RALEGLVY
C1601,8,FAGQGIVY
C1601,8,AAMLGLMY
C1601,8,AAGVHFIY
C1601,8,FATGPRQY
C1601,8,FAGQGVVY
C1601,8,FARLSLTY
C1601,8,FAHEGQQY
C1601,8,YATHRDSY
C1601,8,YASTKESY
C1601,8,LASESRVY
C1601,8,SAGATRVY
C1601,8,SAALRAVY
C1601,8,IANTARAY
C1601,8,QAGEGRVY
C1601,8,AAHTHPVY
C1601,8,YAGGRGSY
C1601,8,TAGKRYVY
C1601,8,RAGSRVAY
C1601,8,RAAERLQY
C1601,8,VAMSKEQY
C1601,8,SAATGRPY
C1601,8,NASKHRIY
C1601,8,LATSGRCY
C1601,8,NATLGRAY
C1601,8,NATVGRRY
C1601,8,SAAVNREY
C1601,8,FATILVEY
C1601,8,FASMRDLY
C1601,8,GANYGHVY
C1601,8,YAQTTQAY
C1601,8,KASIGYTY
C1601,8,KAAFKTSY
C1601,8,SAALPRRY
C1601,8,FSDVEAHF
C1601,8,YSNIRFQF
C1601,8,FSAVREDF
C1601,8,VSNIRQVF
C1601,8,NSSIRPIF
C1601,8,FSTVHEKF
C1601,8,ISVEGREF
C1601,8,SSTSRLEF
C1601,8,SSHVERVF
C1601,8,ISNLRDVF
C1601,8,FSHNRAHF
C1601,8,MSTNRQQF
C1601,8,LSSLRFVF
C1601,8,LSSERHEF
C1601,8,YSNCQHDF
C1601,8,ASGQRPVF
C1601,8,FSSTKEEF
C1601,8,FSSLRAMF
C1601,8,FSSLHTVF
C1601,8,GSHSMRYF
C1601,8,FSTTKPLF
C1601,8,NSKVGNEF
C1601,8,SSSGHPTF
C1601,8,SSAQAREF
C1601,8,TSSKKPAF
C1601,8,LSDRFLGF
C1601,8,ISAQGRDF
C1601,8,SSSKRNEF
C1601,8,NSSEGKVF
C1601,8,VSSNKTGF
C1601,8,VSHTHLAF
C1601,8,VSAIKENF
C1601,8,ISTNRENF
C1601,8,NSTERISF
C1601,8,VSTNKLTF
C1601,8,HSSRQGVF
C1601,8,KSTTKMSL
C1601,8,SSGLRFVL
C1601,8,NSSQRVEL
C1601,8,YSATRAAL
C1601,8,VSATREEL
C1601,8,FSNIREEL
C1601,8,ASNTRLQL
C1601,8,FSCVKNEL
C1601,8,FSGARNQL
C1601,8,YSAPGRDL
C1601,8,ASNVRGSL
C1601,8,NSDDRVLL
C1601,8,FSVTGRVL
C1601,8,NSSVRNEL
C1601,8,YSFIHEAL
C1601,8,VSALRQEL
C1601,8,NSNLRQEL
C1601,8,FSTLGRVL
C1601,8,VSQVGKEL
C1601,8,VSSLRMML
C1601,8,LSMTRTEL
C1601,8,VSVTHPEL
C1601,8,YSSIRGFL
C1601,8,LSYTRFSL
C1601,8,VSLVQLTL
C1601,8,FSQIQPKL
C1601,8,KSAEGRVL
C1601,8,FSYVSPEL
C1601,8,ASAVRNSL
C1601,8,FSSHRDEL
C1601,8,ISMSHMDL
C1601,8,VSLVRKEL
C1601,8,FSIVMNEL
C1601,8,LSSMRLPL
C1601,8,NSFTHEAL
C1601,8,LSTIRSFL
C1601,8,VSHLRPLL
C1601,8,LSYSRISL
C1601,8,ISRLLEEL
C1601,8,FSFQRPLL
C1601,8,LSNNNQAL
C1601,8,TSTTRPVL
C1601,8,TSTVKQAL
C1601,8,FSDGLAHL
C1601,8,VSSSPREL
C1601,8,ISAQHPEL
C1601,8,SSGFRDFL
C1601,8,VSNLRLYL
C1601,8,ASQPKHVL
C1601,8,FSSQRSGL
C1601,8,FSVDARAL
C1601,8,YSYVTEEL
C1601,8,LSDHHVYL
C1601,8,LSANRHSL
C1601,8,LSSSREEL
C1601,8,KSQVHPVL
C1601,8,NSNNHDVL
C1601,8,ISQLRSEL
C1601,8,FSGSRLKL
C1601,8,FSSVRQEL
C1601,8,ISQEHQEL
C1601,8,FSHNGMAL
C1601,8,YSSARKCL
C1601,8,PSVWQNIL
C1601,8,FSNKRTTL
C1601,8,SSAEKVAL
C1601,8,ISKINEVL
C1601,8,FSTIREKL
C1601,8,SSSTRSVL
C1601,8,SSGTRVVL
C1601,8,FSKVGREL
C1601,8,ISTVRPQL
C1601,8,YSTIRPYL
C1601,8,VSTLHHVL
C1601,8,FSVLQHVL
C1601,8,ASNERIAL
C1601,8,ISSEGREL
C1601,8,HSHVGYTL
C1601,8,VSAYPRQL
C1601,8,LSDHHIYL
C1601,8,VSQVLDEL
C1601,8,HSHFHDTL
C1601,8,FSAHRIVL
C1601,8,FSHNRNHL
C1601,8,VSQMRQEL
C1601,8,ISSKREIL
C1601,8,VSSVRKNL
C1601,8,VSAKREAL
C1601,8,LSMLRAAL
C1601,8,TSAVREEL
C1601,8,FSEEHPVL
C1601,8,YSVNKEQL
C1601,8,FSHLQPTL
C1601,8,YSSERSVL
C1601,8,FSTSRQTL
C1601,8,VSSERHKL
C1601,8,SSTSRPAL
C1601,8,ISLVGTVL
C1601,8,MSSHGRVL
C1601,8,FSSPPLSL
C1601,8,ISGKRQEL
C1601,8,VSSSKISL
C1601,8,LSGQRPAL
C1601,8,LSSERQEL
C1601,8,FSQEHEEM
C1601,8,KSTIKFQM
C1601,8,FSATPRYM
C1601,8,VSNVRPKM
C1601,8,NSSVHLAM
C1601,8,LSAERLQM
C1601,8,LSLERPTM
C1601,8,TSHKRLVM
C1601,8,KSGNRIVM
C1601,8,MSGSREVM
C1601,8,HSTNKFEM
C1601,8,ASLRKVSM
C1601,8,VSSIQNQM
C1601,8,ASFNRMVM
C1601,8,VSHPMPTM
C1601,8,TSWIHPVM
C1601,8,FSHHHIEM
C1601,8,LSLTRPSM
C1601,8,ISRVGQAM
C1601,8,HSSERPYM
C1601,8,FSTVRKEM
C1601,8,SSAFRPVM
C1601,8,TSSKPRTM
C1601,8,ISAEGKTM
C1601,8,NSAIGRAM
C1601,8,YSGLKPTM
C1601,8,TSGYRPSM
C1601,8,ISNLGKVM
C1601,8,ISNEKPEV
C1601,8,RSQKPVMV
C1601,8,FSGNPIKV
C1601,8,LSSNRLEV
C1601,8,YSATHPTV
C1601,8,YSMVGRTV
C1601,8,FSSQRPVV
C1601,8,VSGRILVV
C1601,8,NSSNKPAV
C1601,8,YSQIKQEV
C1601,8,SSEAHREV
C1601,8,SSSHPKEV
C1601,8,ISLLQPQV
C1601,8,ISLEIPQV
C1601,8,SSSRPLKV
C1601,8,RSGKPVRV
C1601,8,LSGRPLKV
C1601,8,YSKEGWEY
C1601,8,YSAMRDQY
C1601,8,VSMLKQDY
C1601,8,ISKIREEY
C1601,8,FSASHRLY
C1601,8,FSINGHFY
C1601,8,ISQVGRVY
C1601,8,FSASARLY
C1601,8,VSNVKSVY
C1601,8,FSGVKDVY
C1601,8,LSAPARLY
C1601,8,LSLLGHVY
C1601,8,VSMEGHLY
C1601,8,LSNEGHIY
C1601,8,GSELIQKY
C1601,8,LSSVKLEY
C1601,8,ISVKGRIY
C1601,8,YSGLRDVY
C1601,8,VSKSVRFY
C1601,8,FSQIGELY
C1601,8,YSEVHPHY
C1601,8,KSAVGHEY
C1601,8,LSKIREEY
C1601,8,FSHGTHEY
C1601,8,YSQNQQSY
C1601,8,MSCTRSVY
C1601,8,HSSVKQEY
C1601,8,LSGNHIAY
C1601,8,YSKLGLQY
C1601,8,MSGKKDLY
C1601,8,YSNLGNVY
C1601,8,LSMSGNIY
C1601,8,GSALPRLY
C1601,8,ASTARHLY
C1601,8,NSSVGRKY
C1601,8,YSSEKLSY
C1601,8,KSLIGVEY
C1601,8,VSAFKTEY
C1601,8,FSKAGRVY
C1601,8,STDVAKTF
C1601,8,FTMVGKTF
C1601,8,ITNIRPSF
C1601,8,YTDFHVDF
C1601,8,STDDGVQF
C1601,8,FTSSRLFF
C1601,8,LTERGYSF
C1601,8,ITQERIVF
C1601,8,LTIDNGVF
C1601,8,LTATREEF
C1601,8,RTALPRIF
C1601,8,FTTEGEVF
C1601,8,TTTSRAEF
C1601,8,YTLLGHEF
C1601,8,ATSPGRLF
C1601,8,LTSVRLQF
C1601,8,HTDTTVKF
C1601,8,FTDEYQLF
C1601,8,ATKTFREF
C1601,8,LTGIKHEL
C1601,8,LTADARLL
C1601,8,FTGYRIEL
C1601,8,LTADAREL
C1601,8,YTFPFQQL
C1601,8,NTGQRAVL
C1601,8,FTAHPRVL
C1601,8,VTADARAL
C1601,8,FTHPHLEL
C1601,8,ITDLPIKL
C1601,8,FTSLRPLL
C1601,8,KTVEGREL
C1601,8,STANRHVL
C1601,8,ITRVGLAL
C1601,8,YTGKRIAL
C1601,8,ITTLRTVL
C1601,8,KTTNRLLL
C1601,8,ATDWRLIL
C1601,8,LTSDPREL
C1601,8,VTQVRKEL
C1601,8,YTTTRSHL
C1601,8,YTALGRLL
C1601,8,FTQDTRSL
C1601,8,ITDGQIFL
C1601,8,ATKILHLL
C1601,8,FTNEGRAL
C1601,8,TTSIPLRL
C1601,8,STSQRPKL
C1601,8,LTPLRNFL
C1601,8,LTAQPRLM
C1601,8,FTNEAREM
C1601,8,NTAVPREM
C1601,8,VTSHRVEM
C1601,8,LTSERKEM
C1601,8,ATDTIRKM
C1601,8,HTGERPFM
C1601,8,FTGKQGEM
C1601,8,KTSSRPAM
C1601,8,STSTRTVM
C1601,8,ATAVVRHM
C1601,8,YTSPGRQM
C1601,8,YTDLEVRV
C1601,8,FTDEESRV
C1601,8,RTGKPIAV
C1601,8,YTNTKLEV
C1601,8,KTGHVIAV
C1601,8,FTTHILEV
C1601,8,STGKNLLV
C1601,8,FTRTFIAV
C1601,8,VTTVILEV
C1601,8,YTATERQY
C1601,8,ATAQGRYY
C1601,8,FTAERSSY
C1601,8,KTMKGFEY
C1601,8,VTHIGRVY
C1601,8,FTAFKEEY
C1601,8,FTSPQRVY
C1601,8,ITSSRTFY
C1601,8,YTLFGRSY
C1601,8,VTGVHRLY
C1601,8,STIRKQEY
C1601,8,VTVEGKVY
C1601,8,STVLTSKY
C1601,8,STSTGRVY
C1601,9,AAADLERFF
C1601,9,SAVNIIRTF
C1601,9,FAQDVGRMF
C1601,9,FAMVKGYFF
C1601,9,AAATRTTSF
C1601,9,FANSRDTSF
C1601,9,NANEMFRIF
C1601,9,KAADFVKAF
C1601,9,VASIRLFGF
C1601,9,FAQNKPTGF
C1601,9,LAALAKAPF
C1601,9,VAAEWRNTF
C1601,9,VAAEWRSTF
C1601,9,AAADPKVAF
C1601,9,LAIEHVRFF
C1601,9,MATVVYKVF
C1601,9,IANTLYRIF
C1601,9,KATGFLKNF
C1601,9,YAAIRDNYF
C1601,9,IANQRITAF
C1601,9,FAQSQQKVF
C1601,9,FATDSGLEF
C1601,9,MAADGRLVF
C1601,9,TAISCSRVF
C1601,9,VASQLPRIF
C1601,9,FASPTQVFF
C1601,9,AALLRTFSF
C1601,9,FASEKKWAF
C1601,9,FANTRIENF
C1601,9,FAALQLEYF
C1601,9,IASTLVHKF
C1601,9,YAQKVRQQF
C1601,9,VALLRVTPF
C1601,9,AAFVKAVGF
C1601,9,AAAVPRAAF
C1601,9,MAQLKCYYF
C1601,9,SAIDFYRKF
C1601,9,KAALAHPFF
C1601,9,NATKLERVF
C1601,9,FAVASRKTF
C1601,9,MAKMRLLTF
C1601,9,VASLHLPSF
C1601,9,LATAYIHRF
C1601,9,KANAFLKEF
C1601,9,SAADGPRVF
C1601,9,SAYVKKIQF
C1601,9,YAAQNRQEF
C1601,9,AAISHGRVF
C1601,9,MAFNRAASF
C1601,9,YAKDDPLEF
C1601,9,FAADVRLMF
C1601,9,NATKTFREF
C1601,9,VATNLLKLF
C1601,9,SATLRVEDF
C1601,9,NANFRSFIF
C1601,9,SAIPVTYVF
C1601,9,YAVLDIREF
C1601,9,AAATHPRAF
C1601,9,AAAFGRIAF
C1601,9,FAVNKKIEF
C1601,9,IATPFIKLF
C1601,9,FACPSKATF
C1601,9,TAAPGRFSF
C1601,9,SASVQNHEF
C1601,9,MAYMRGMYF
C1601,9,HASENNRIF
C1601,9,AASTLVHKF
C1601,9,SAVSACRVF
C1601,9,SAALVSRTF
C1601,9,SAADKAEEF
C1601,9,SAAFAVKLF
C1601,9,AAAGRAYSF
C1601,9,SAASEQHVF
C1601,9,AASGLTRMF
C1601,9,LAFERGYEF
C1601,9,NATVKGVNF
C1601,9,SATPTFLFF
C1601,9,SAFDRKVQF
C1601,9,TAQGNREVF
C1601,9,KASPLRLSF
C1601,9,NATKARIPF
C1601,9,VAVNKPAEF
C1601,9,KAMKQGFEF
C1601,9,SATALKHVF
C1601,9,VAMKFAQVF
C1601,9,FADLNLAEF
C1601,9,AANLRMHIF
C1601,9,GAAIRQTSF
C1601,9,KAAQKAAAF
C1601,9,YAANPGQLF
C1601,9,HATEELKEF
C1601,9,SAITRPFPF
C1601,9,VAGTPGRVF
C1601,9,AAALRDLSF
C1601,9,YAQEHGLNF
C1601,9,QASTTERVF
C1601,9,FAATHSLEF
C1601,9,FAYSSPRTF
C1601,9,VAKSRFWYF
C1601,9,VANPNSAIF
C1601,9,FAYYRDLVF
C1601,9,YARSVHEEF
C1601,9,VASDKTNTF
C1601,9,VASVGHGVF
C1601,9,RATWKSNYF
C1601,9,AAQTLRAAF
C1601,9,SAAVHSFAF
C1601,9,TATVRSVHF
C1601,9,AANPHSFVF
C1601,9,SAALKTSSF
C1601,9,VATIKSVSF
C1601,9,AAANPTLAF
C1601,9,SAAQPGVAF
C1601,9,NATGRPIAF
C1601,9,SARHKAVEF
C1601,9,SAIIDGKIF
C1601,9,VATEVLMWF
C1601,9,TAAPPKANF
C1601,9,KACVVKREF
C1601,9,VATCRPDEF
C1601,9,VASFSKRFF
C1601,9,NAVDQARVF
C1601,9,VANPRLDTF
C1601,9,VATSPGRLF
C1601,9,AAGIKLIFF
C1601,9,KASGTIKKF
C1601,9,KAAGVRDVF
C1601,9,YAAPYKSDF
C1601,9,QAFDVTIMF
C1601,9,CASDKILEF
C1601,9,SALTRLASF
C1601,9,AATQLRHFF
C1601,9,VALYNPVSF
C1601,9,VAYGKGTYF
C1601,9,SATARPNTF
C1601,9,IASNSKIYF
C1601,9,TASSRHVHF
C1601,9,HAATIRLIF
C1601,9,VARPLFLEF
C1601,9,RASTQIRAF
C1601,9,SASEITRAF
C1601,9,AACVKELVF
C1601,9,FAEPGRVPF
C1601,9,YARYHRPEF
C1601,9,QAAPVKWIF
C1601,9,FASIAGLEF
C1601,9,RAILRIIYF
C1601,9,LAFERRHEF
C1601,9,RASWIAQVF
C1601,9,FARALRQEF
C1601,9,IASTSWRHF
C1601,9,KASDAFHFF
C1601,9,HASKPKNAF
C1601,9,QAAGHARQF
C1601,9,VAGDKPRTF
C1601,9,LAVGLSRIF
C1601,9,TAAKPKRSF
C1601,9,AASFAVKLF
C1601,9,RANVNARTF
C1601,9,TAQSHQRTF
C1601,9,SAVEKKPTF
C1601,9,TATDIRVAF
C1601,9,RAVEPLRTF
C1601,9,SASDVHGNF
C1601,9,AASTKYDVF
C1601,9,FASETNLDF
C1601,9,YAAFKRWHF
C1601,9,LAQDLEKTF
C1601,9,DASPVQAVF
C1601,9,QAAARLLVF
C1601,9,SARSVILIF
C1601,9,LASGKYRTF
C1601,9,RAIDALREF
C1601,9,AATPRTSQF
C1601,9,VARDLRAEF
C1601,9,VANAIIHLF
C1601,9,SANGNGKTF
C1601,9,KASELYKKF
C1601,9,EAGGRFVAF
C1601,9,KAHFRRDEF
C1601,9,FASIGLHVF
C1601,9,LAVSLVKVF
C1601,9,YAGIRCENF
C1601,9,FAEAVKTVF
C1601,9,VASNGRTLF
C1601,9,KAVSRELNF
C1601,9,VAAALARLL
C1601,9,AASNVRGSL
C1601,9,VANDYARQL
C1601,9,SASSFFKEL
C1601,9,YAMDIVKGL
C1601,9,TAAQVARVL
C1601,9,LAKNFFNEL
C1601,9,VAKAVTQAL
C1601,9,SAAQRLTAL
C1601,9,FARQYYEML
C1601,9,VAATRWWQL
C1601,9,VAKMYISEL
C1601,9,NAMDGYRTL
C1601,9,YAAAQKTSL
C1601,9,YAKMIFMEL
C1601,9,FAAAKLLAL
C1601,9,AAGEGKPAL
C1601,9,YAIKKKDEL
C1601,9,WAMDLRPEL
C1601,9,VATAMARVL
C1601,9,SAGLRVLAL
C1601,9,VAYWRQAGL
C1601,9,YASLRKDTL
C1601,9,YAAPWFLTL
C1601,9,FATIRFHDL
C1601,9,KAMELIREL
C1601,9,IAQERKTQL
C1601,9,FANLKYVSL
C1601,9,TAAQAKPAL
C1601,9,KATFHYRTL
C1601,9,AAGYRVVAL
C1601,9,LAIDAIHQL
C1601,9,KAVDQPRQL
C1601,9,YAYLYIRML
C1601,9,YATLREESL
C1601,9,SAATGRFSL
C1601,9,FALQREQEL
C1601,9,YAAVKIHQL
C1601,9,VASSIAHEL
C1601,9,YASLRIEEL
C1601,9,LAAEVHRVL
C1601,9,IAQDFKTDL
C1601,9,FAYDGKDYL
C1601,9,NAQFNREEL
C1601,9,VAADFYHRL
C1601,9,FACEKNENL
C1601,9,FAIPLIEKL
C1601,9,FATKVVHLL
C1601,9,FAIDPHLLL
C1601,9,AASAAQREL
C1601,9,YAFPLAHSL
C1601,9,FAKDFMTYL
C1601,9,AATSATHEL
C1601,9,KACDYIREL
C1601,9,YASDFHNVL
C1601,9,VALLRLLLL
C1601,9,YAYETKDAL
C1601,9,FATEGLRTL
C1601,9,FASSPLRVL
C1601,9,YAAGAKLVL
C1601,9,FAEDDRIEL
C1601,9,YASENVNKL
C1601,9,VANTMRTSL
C1601,9,VAMEKNYTL
C1601,9,NAKDFFRVL
C1601,9,FAYPAIRYL
C1601,9,YAKPYFLRL
C1601,9,LASPPWRVL
C1601,9,PATTVVRTL
C1601,9,YATKHLRVL
C1601,9,YAVNSKRML
C1601,9,FASFPHMVL
C1601,9,RAKELFHEL
C1601,9,AATGFLKLL
C1601,9,IANAVVKEL
C1601,9,AASEMARAL
C1601,9,NATQFIKQL
C1601,9,SAVDFIRTL
C1601,9,LAYLRLNTL
C1601,9,VATSTVRIL
C1601,9,VAAAVVRAL
C1601,9,FAAIQKEQL
C1601,9,SAFLKTIAL
C1601,9,LALLRELSL
C1601,9,YAKRPGIGL
C1601,9,IATGILHLL
C1601,9,IAYIRDLAL
C1601,9,VAADTVKEL
C1601,9,YANAKIYKL
C1601,9,LASANLRVL
C1601,9,YANSKAVTL
C1601,9,HAKEYIQQL
C1601,9,YAQLHSFTL
C1601,9,LASSYERKL
C1601,9,VATEGSREL
C1601,9,FAVDSLRQL
C1601,9,LAQDIFKEL
C1601,9,YAKDYTKAL
C1601,9,KAASVRPVL
C1601,9,SAIDRIFTL
C1601,9,SAADASRVL
C1601,9,KATNVVRLL
C1601,9,KAKDNFNFL
C1601,9,FASTMVHAL
C1601,9,SAVTNNRQL
C1601,9,YAFVRPVIL
C1601,9,AAYLRALSL
C1601,9,CAATPKHAL
C1601,9,SASMNQRVL
C1601,9,LAKDGVLTL
C1601,9,NAKAALLEL
C1601,9,YAGEGLRTL
C1601,9,FAKPENIDL
C1601,9,LAVDGRLSL
C1601,9,VAVEAVRLL
C1601,9,LAFGDRIAL
C1601,9,SAVADKHEL
C1601,9,RASEVERQL
C1601,9,FAALHGPAL
C1601,9,YAADNSRTL
C1601,9,IALPSLRIL
C1601,9,AAAYPHTSL
C1601,9,CAAGHRAEL
C1601,9,FAHPYQYEL
C1601,9,YAITTLHNL
C1601,9,YAQEDPRML
C1601,9,SAFYRKYEL
C1601,9,FAASFAHLL
C1601,9,FALPYVIVL
C1601,9,KARNIFKEL
C1601,9,RAIDSIHQL
C1601,9,VAATLLKQL
C1601,9,SAASALHLL
C1601,9,NATIRVTNL
C1601,9,TAAFNKDAL
C1601,9,VAAHYLHSL
C1601,9,VASVRPAVL
C1601,9,AAAATGRLL
C1601,9,TAISLFYEL
C1601,9,VASTVKHAL
C1601,9,AAAIKALEL
C1601,9,SAAGLHRAL
C1601,9,YAALHHRIL
C1601,9,TAQTLVRIL
C1601,9,IAKADTLTL
C1601,9,TAVENMPSL
C1601,9,LAVNLTRVL
C1601,9,VALGNMYEL
C1601,9,AASEEARSL
C1601,9,VAAMQPRML
C1601,9,YALTSPLQL
C1601,9,TATERQYEL
C1601,9,LATDFIQSL
C1601,9,KASSITREL
C1601,9,AANPFFKLL
C1601,9,NASESKLEL
C1601,9,TATATNHVL
C1601,9,NAAEEPRVL
C1601,9,TASQRFIEL
C1601,9,VASSRSSVL
C1601,9,SAAPPLPSL
C1601,9,VAIQAVLSL
C1601,9,IAQDQPKIL
C1601,9,YAKKRGWVL
C1601,9,NARETELEL
C1601,9,VADGYPVRL
C1601,9,YATASLRKL
C1601,9,VATDFFTVL
C1601,9,QAQTDRVSL
C1601,9,IASAIVNEL
C1601,9,YAVNSRPPL
C1601,9,AAKTVFEAL
C1601,9,LATWATKEL
C1601,9,AAISTSRVL
C1601,9,YASPADRQL
C1601,9,FASDVQFVL
C1601,9,TARDYYTFL
C1601,9,SATGLERTL
C1601,9,DASGPDPQL
C1601,9,FALGAALQL
C1601,9,IAQAVPHIL
C1601,9,VATEKAVEL
C1601,9,SAVVHEYAL
C1601,9,VANVSLLAL
C1601,9,TATSTQRPL
C1601,9,AANVRKESL
C1601,9,LAALRLQSL
C1601,9,AAKDYNQKL
C1601,9,LARAALQEL
C1601,9,AAASRDITL
C1601,9,SATYSNRAL
C1601,9,VASEKIEVL
C1601,9,AASSIQRVL
C1601,9,SATTSLRVL
C1601,9,CAADQAKQL
C1601,9,AAVSRIVAL
C1601,9,KAAARDVTL
C1601,9,FARELANQL
C1601,9,VAKPIPEEL
C1601,9,DAFSKDHQL
C1601,9,TAIESTPTL
C1601,9,SAKDNQPVL
C1601,9,FAADLAEEL
C1601,9,HAAAYRNAL
C1601,9,IAAMPLISL
C1601,9,TAMDVVYAL
C1601,9,FASEVSNVL
C1601,9,MASLRSLSL
C1601,9,SASTGKPPL
C1601,9,AATSNLKKL
C1601,9,AASQPKHVL
C1601,9,YAASFINLL
C1601,9,KAFARPWSL
C1601,9,SAAENFLVL
C1601,9,YAKEAQQSL
C1601,9,AARDVFLML
C1601,9,AAEKGVRTL
C1601,9,YATGIRYTL
C1601,9,LATFDRQEL
C1601,9,SATLRNVEL
C1601,9,YANPFWLAL
C1601,9,HASDRIIAL
C1601,9,YAAQRIISL
C1601,9,IASQRLTPL
C1601,9,SAFPHLRVL
C1601,9,YAVGGRNEL
C1601,9,YAKNSLPEL
C1601,9,RATFYLNVL
C1601,9,VAQTWFRFL
C1601,9,YAKEVTRVL
C1601,9,HAKMIFMEL
C1601,9,AASFYQRAL
C1601,9,FATTNQISL
C1601,9,IAMGMAQAL
C1601,9,NAQTDRVAL
C1601,9,FATIRTASL
C1601,9,YAIGNAPEL
C1601,9,RAKGYDLEL
C1601,9,NAGEREISL
C1601,9,FAGDLVRNL
C1601,9,FAMEIDPSL
C1601,9,FAQEAISVL
C1601,9,QAAASHRVL
C1601,9,VARGTITTL
C1601,9,AARSFYYKL
C1601,9,AATAVTQAL
C1601,9,QATPLLHAL
C1601,9,AAKGYTEVL
C1601,9,AAAKALRIL
C1601,9,SASESILEL
C1601,9,KAKWRQVVL
C1601,9,VACGASHVL
C1601,9,KAIDYIRFL
C1601,9,SAREHIYDL
C1601,9,SANVRTVNL
C1601,9,AATTVLRQL
C1601,9,DAINDANLL
C1601,9,IASSLSKEL
C1601,9,AATEREISL
C1601,9,NAKGYTIPL
C1601,9,NATGPRPAL
C1601,9,LAVLRLDSL
C1601,9,VASFPRTVL
C1601,9,SAQDRQLTL
C1601,9,AATTVLQEL
C1601,9,HAAPFSKVL
C1601,9,KASLRELAL
C1601,9,FANNVQLSL
C1601,9,KAAVMVHQL
C1601,9,VAVKGRQAL
C1601,9,SAKPYAHIL
C1601,9,KAFERINSL
C1601,9,SAQGKPLAL
C1601,9,KAYERGISL
C1601,9,FALDGQWIL
C1601,9,AATLATHEL
C1601,9,KADGVPVYL
C1601,9,YAHWKGQVL
C1601,9,SAYQRYYSL
C1601,9,HAALRCESL
C1601,9,MAAERQEAL
C1601,9,VAKPCAIAL
C1601,9,RAAEMEHLL
C1601,9,YANKYNIML
C1601,9,NAAFKDVAL
C1601,9,VAQNSGLTL
C1601,9,FANERCLQL
C1601,9,KAVNPGRSL
C1601,9,AAKEYPFIL
C1601,9,SAQKAARVL
C1601,9,YATTGKCEL
C1601,9,NAKGKILVL
C1601,9,MANPTALLL
C1601,9,RAKEPILAL
C1601,9,FAKAIYERL
C1601,9,MAKEGNLEL
C1601,9,VAQATGRQL
C1601,9,FAKPFLASL
C1601,9,SAFVHVPPL
C1601,9,FARSFTLML
C1601,9,SAHSHFISL
C1601,9,FATQQFVAL
C1601,9,AAAPERVVL
C1601,9,AAKTLILCL
C1601,9,NAKAALFAL
C1601,9,NAAERRGPL
C1601,9,AARSVFLHL
C1601,9,TAAPTIGVL
C1601,9,NAQKEIATL
C1601,9,QANIRLTSL
C1601,9,VADPIIYVL
C1601,9,SARDHAISL
C1601,9,AAAHFYFEL
C1601,9,AAVAELPVL
C1601,9,IASERAAAL
C1601,9,TADGAHFEL
C1601,9,TAAVPYRLL
C1601,9,YAIREEIVL
C1601,9,AASPKSFTL
C1601,9,TAAPPAQPL
C1601,9,FARNAFTVL
C1601,9,FARKHHITL
C1601,9,TANNDHTVL
C1601,9,MARDASLTL
C1601,9,IAAEREREL
C1601,9,EAARVAEQL
C1601,9,YAYTGRLEL
C1601,9,FARPDLLLL
C1601,9,YAHLTPREL
C1601,9,SAQDAARIL
C1601,9,FAREALRAL
C1601,9,PAAPAHPPL
C1601,9,SARNAFFLL
C1601,9,VATVQISSL
C1601,9,LAALPRPQL
C1601,9,VACGSAHTL
C1601,9,EASPFSRSL
C1601,9,AARTQQLLL
C1601,9,SAAPVAHLL
C1601,9,VARPPNIVL
C1601,9,RAAPHRISL
C1601,9,AAKFKTPEL
C1601,9,HAKPPTPSL
C1601,9,RAKDFSLIL
C1601,9,RAARGAPPL
C1601,9,MAALRTQTL
C1601,9,NAAIAKQAL
C1601,9,SAHNKDIAL
C1601,9,SANDAGRLL
C1601,9,AAKPFFCEL
C1601,9,AASHRMWAL
C1601,9,AASALIRTL
C1601,9,IAINISRNL
C1601,9,AAQAHTREL
C1601,9,TAASTSRSL
C1601,9,IAIGSQPVL
C1601,9,TAVALLRLL
C1601,9,RATPAERQL
C1601,9,FAISILQQL
C1601,9,YAIGVSHPL
C1601,9,AAAGGARLL
C1601,9,KATHVEKQL
C1601,9,QAVASTREL
C1601,9,YAAQLERQL
C1601,9,FAHHKNQTL
C1601,9,AASQRSSSL
C1601,9,SAAERDKAL
C1601,9,AAKTHTTAL
C1601,9,AAQGKTRTL
C1601,9,SAAHNKPSL
C1601,9,AASEQARQL
C1601,9,LAIPQLPSL
C1601,9,QATELVHQL
C1601,9,TAKGFATVL
C1601,9,AASSAHVAL
C1601,9,IAAHGVRVL
C1601,9,RARGKPMEL
C1601,9,AAQLRAQAL
C1601,9,IAISRTPVL
C1601,9,SAQTTSHEL
C1601,9,SASTVFIAL
C1601,9,FASELSRSL
C1601,9,FAVISRHSL
C1601,9,TAMDAQEAL
C1601,9,VAQGGGRAL
C1601,9,YASQKNVSL
C1601,9,SAALRASSL
C1601,9,FAMAGHENL
C1601,9,YARWLPLGL
C1601,9,NAMGFHVIL
C1601,9,IATEKKNSL
C1601,9,SAVTGARHL
C1601,9,FAADIISVL
C1601,9,TAAPVPTTL
C1601,9,AAAFEKQVL
C1601,9,AAMYKSLEL
C1601,9,HAIGTVKCL
C1601,9,FASGGGREL
C1601,9,VASTTRKEL
C1601,9,SATKYSRRL
C1601,9,KAAAKRQVL
C1601,9,VARSNIMTL
C1601,9,VASPRIISL
C1601,9,AAKEHQQAL
C1601,9,FAHPPLLVL
C1601,9,YAISKPEVL
C1601,9,YASSWFLTL
C1601,9,FANMLGVSL
C1601,9,KAADACRYL
C1601,9,RATHRLLLL
C1601,9,AAVEDPRVL
C1601,9,SAASKFLCL
C1601,9,YAISAGVSL
C1601,9,TAASRLVTL
C1601,9,VAQTNQNQL
C1601,9,IATKASHLL
C1601,9,NAMMPGAPL
C1601,9,IANVPILIL
C1601,9,MARGAALAL
C1601,9,TAFFGDVVL
C1601,9,KARNYLLSL
C1601,9,LAIPVFLTL
C1601,9,AAVAVGRIL
C1601,9,LAVENLPSL
C1601,9,SARNYIQSL
C1601,9,SASEVEVQL
C1601,9,FAHLRLEVL
C1601,9,AAASERLQL
C1601,9,VATFFAKML
C1601,9,RATSFLLAL
C1601,9,VAVMTVREL
C1601,9,FAQMYQKTL
C1601,9,FAMDVYKNL
C1601,9,YAYDGKDYL
C1601,9,FASSFKIVL
C1601,9,LAREWFFLL
C1601,9,YAPYPSPVL
C1601,9,AAVGFHKTL
C1601,9,FAAASREVL
C1601,9,AAVARAVTL
C1601,9,AANPDPKKL
C1601,9,FAVNMFRTL
C1601,9,IAQGSYIAL
C1601,9,FASEYPLIL
C1601,9,FATTYRQLL
C1601,9,NATSLQHLL
C1601,9,AARPATSTL
C1601,9,VAKGPSHSL
C1601,9,IAQNRRLTL
C1601,9,AAFVLGAAL
C1601,9,NAFGKKYPL
C1601,9,TAMTVQILL
C1601,9,AAAPGSRSL
C1601,9,AACGRNHTL
C1601,9,RAALRSCSL
C1601,9,TAAAAVRQM
C1601,9,KATEYIQYM
C1601,9,KAYLKKISM
C1601,9,YAAEGQRLM
C1601,9,SATDTIRKM
C1601,9,SASDYFKAM
C1601,9,SAMSNPRAM
C1601,9,SANIRLTAM
C1601,9,SASGYTKEM
C1601,9,YAANLKNVM
C1601,9,TASNPKPYM
C1601,9,FAVIAHVGM
C1601,9,AASNYFRAM
C1601,9,SAKATYLEM
C1601,9,AAAARIEAM
C1601,9,YANNVQRVM
C1601,9,VAAATYKTM
C1601,9,SAAELRHVM
C1601,9,FATPYGYAM
C1601,9,FATGVWHQM
C1601,9,NATSRILDM
C1601,9,FALSQPRAM
C1601,9,NAFKEITTM
C1601,9,LARIYSFQM
C1601,9,VARVESLEM
C1601,9,NAADQSRMM
C1601,9,NATAVVRHM
C1601,9,FASTVNREM
C1601,9,AAVWKGHVM
C1601,9,VANPEHMEM
C1601,9,FAKEVSHEM
C1601,9,IASVGSREM
C1601,9,NATDLLRKM
C1601,9,FANDDRHVM
C1601,9,VAKDYVRLM
C1601,9,VADPYVVIM
C1601,9,AASLRKVSM
C1601,9,KATQNFKVM
C1601,9,SAMYSRKAM
C1601,9,KAHAKAIEM
C1601,9,HALERLFTM
C1601,9,FAMMSHHEM
C1601,9,SATNALRSM
C1601,9,AASFTKEEM
C1601,9,SAIASTKVM
C1601,9,FATEVFKAM
C1601,9,KASEPKEVM
C1601,9,SAIPHPLIM
C1601,9,FARMTAEEM
C1601,9,AAMQDPEVM
C1601,9,VARPDVVEM
C1601,9,AAKAVANTM
C1601,9,KASDKATIM
C1601,9,IANDRFINM
C1601,9,VASEKESVM
C1601,9,TARISQLEM
C1601,9,LARIYSYQM
C1601,9,VALDFEQEM
C1601,9,TANEKILMM
C1601,9,AASPYFRAM
C1601,9,VATPLNRKM
C1601,9,VASGMILVM
C1601,9,KATGRYYAM
C1601,9,AACPYFKSM
C1601,9,YARSSNLIM
C1601,9,FALLTTPEM
C1601,9,QANSPRPAM
C1601,9,SAMPSRLMM
C1601,9,RAAVRETVM
C1601,9,MATSHSWEM
C1601,9,AASLHNTPM
C1601,9,MARKINFLM
C1601,9,IATIKNISM
C1601,9,LANIVPIAM
C1601,9,AATPVGKVM
C1601,9,SAHIMGEAM
C1601,9,SANNVYLVM
C1601,9,AARSGPLAM
C1601,9,AAGLRLLPM
C1601,9,YASNVRRVM
C1601,9,RAADVRDAM
C1601,9,HAVGPSTAM
C1601,9,FAMPPPHGM
C1601,9,QAMERYVSM
C1601,9,NAFTMPLHM
C1601,9,AASEAGRAM
C1601,9,IANVGSREM
C1601,9,TAAEEARQM
C1601,9,IAAGTLRQM
C1601,9,LAAAVHKEM
C1601,9,LATNFLLEM
C1601,9,SASAIRKLM
C1601,9,AAAYGRSPM
C1601,9,SASGVAKQM
C1601,9,AASLQVLEM
C1601,9,KASLPHGPM
C1601,9,NAKKILLEM
C1601,9,KAQEGMREM
C1601,9,RATPAERQM
C1601,9,GASAVVHTM
C1601,9,NAAEKREQM
C1601,9,FAAEFSNVM
C1601,9,VACGSHHSM
C1601,9,FALGSPIAM
C1601,9,AAREGHEEM
C1601,9,RAQEKVHEM
C1601,9,NAKHNVHVM
C1601,9,YAVTGDVKM
C1601,9,GARWYSMEM
C1601,9,NAHTQKYPM
C1601,9,SASSKEPAM
C1601,9,MAAPKVRFM
C1601,9,AANDKLKKM
C1601,9,SALDVGLTM
C1601,9,YASKVDHVM
C1601,9,AATLFPRKM
C1601,9,RASQLARKM
C1601,9,TATPVVQCM
C1601,9,AAAALRRQM
C1601,9,RANNQKVYM
C1601,9,HATFNDPVM
C1601,9,AAAAERGEM
C1601,9,KAIAEIKKM
C1601,9,KAKYHGNVM
C1601,9,AAAPAGRAM
C1601,9,NANVQTVAM
C1601,9,QATQVLQEM
C1601,9,TAAPGQKVM
C1601,9,AASTREMAM
C1601,9,NAAEGRSFM
C1601,9,MASDELKEM
C1601,9,FAPIQPLAM
C1601,9,RAREWAKSM
C1601,9,NARTYMDVM
C1601,9,YANYYTREV
C1601,9,FAMPYFIQV
C1601,9,FASTILHLV
C1601,9,MAQEGLREV
C1601,9,FAKVHILYV
C1601,9,FALPYIRDV
C1601,9,YALNHTLSV
C1601,9,AAKDPSPSV
C1601,9,VAKEDQPAV
C1601,9,YAYEKPHVV
C1601,9,FAIPMIHAV
C1601,9,IASNYHLEV
C1601,9,AATDIARQV
C1601,9,TASNTFRVV
C1601,9,FASGLIHRV
C1601,9,LAKNFNLEV
C1601,9,KATPLSSTV
C1601,9,FAGNFERTV
C1601,9,VASEVYKAV
C1601,9,YARQGQIEV
C1601,9,FADYPCHTV
C1601,9,AAWLQVLPV
C1601,9,FASPNMHSV
C1601,9,TASPLVKSV
C1601,9,VARLLEVPV
C1601,9,YARQLEMIV
C1601,9,TAADKRLTV
C1601,9,SAFPFPVTV
C1601,9,NAFHHPSAV
C1601,9,SAMVRVISV
C1601,9,NATDALRCV
C1601,9,AASWTSRQV
C1601,9,IASKVTRTV
C1601,9,AACGERPTV
C1601,9,FAKMVVDAV
C1601,9,FAYPAPLEV
C1601,9,FALPVGLIV
C1601,9,AAAMTLRTV
C1601,9,FAQAPQLSV
C1601,9,FASHVSPEV
C1601,9,VASNVPKVV
C1601,9,VASPALRAV
C1601,9,YAIDSVLEV
C1601,9,KATAYILSV
C1601,9,LARSFFWQV
C1601,9,FASRAKLAV
C1601,9,IAAIRGFLV
C1601,9,VAIPLKYEV
C1601,9,QATIYVHKV
C1601,9,TAIELIPSV
C1601,9,TAKQKALEV
C1601,9,YAAYPLTEV
C1601,9,AAASLIRLV
C1601,9,WASPVALNV
C1601,9,FAQKISRTV
C1601,9,FATPQYRGV
C1601,9,SATSLLHTV
C1601,9,AAQSPYRAV
C1601,9,YARLHPRAV
C1601,9,TAKGGDISV
C1601,9,AAVDYQKVV
C1601,9,AATPAVRTV
C1601,9,NALVHLIEV
C1601,9,FAIPYAIDV
C1601,9,SAKTPGFSV
C1601,9,VARPAPVAV
C1601,9,FAAQRGLAV
C1601,9,QAMGNPRSV
C1601,9,HAFDGRPSV
C1601,9,YAKAVELLV
C1601,9,TASPVIKAV
C1601,9,SAAGHLKVV
C1601,9,SARTPGPAV
C1601,9,SANRHSLMV
C1601,9,NASPINRIV
C1601,9,YAFPKAVSV
C1601,9,LAVDPNRAV
C1601,9,SAGPVHPLV
C1601,9,SAHVSGRVV
C1601,9,AAAPQRPAV
C1601,9,AARSSIRVV
C1601,9,IAMQVRKLV
C1601,9,NASPVISSV
C1601,9,VAKEIARAV
C1601,9,IASKVKRVV
C1601,9,FAKFHPNLV
C1601,9,AATEATHVV
C1601,9,FANPFPAAV
C1601,9,SAVDGQRQV
C1601,9,IATSNKPAV
C1601,9,VASVRKTTV
C1601,9,RACSRVRVV
C1601,9,RAKDHGLEV
C1601,9,SAQKHVLHV
C1601,9,SASHVSKTV
C1601,9,VAAERATSV
C1601,9,KASEWVQQV
C1601,9,MAMEKRRAV
C1601,9,LASAFFLVV
C1601,9,VASPSPKEV
C1601,9,IARNYYPMV
C1601,9,VARERERVV
C1601,9,KASEKILQV
C1601,9,YAFAHILTV
C1601,9,VAVWNGRQV
C1601,9,FADPHSKRV
C1601,9,KAYHEQLSV
C1601,9,SAAEPTPAV
C1601,9,NAAPFRSEV
C1601,9,LASHYIHIV
C1601,9,YALPAGLEV
C1601,9,YAHFPINVV
C1601,9,SAHAGTYEV
C1601,9,VALPPGLAV
C1601,9,VAAKKRFSV
C1601,9,SAMSSPKVV
C1601,9,FAKGPTLTV
C1601,9,YARVSVRTV
C1601,9,IAQKKRLTV
C1601,9,SASDAIKFV
C1601,9,TAKSGGLSV
C1601,9,YAAAQLRQY
C1601,9,YATQLQKTY
C1601,9,VAVLRAYNY
C1601,9,SASSLARAY
C1601,9,LANGEVRIY
C1601,9,VAAEEARNY
C1601,9,FAMEFVKYY
C1601,9,AAQEAVKLY
C1601,9,AAANAIRVY
C1601,9,SAYGSVKAY
C1601,9,LAQIRQQQY
C1601,9,TAAFWTRLY
C1601,9,FAALEKTYY
C1601,9,IAVLRGLAY
C1601,9,YAIVRFNQY
C1601,9,YANAKGIGY
C1601,9,KATNVVMNY
C1601,9,KAYFDVKEY
C1601,9,TAAETHYTY
C1601,9,VAQYRPEEY
C1601,9,TAVYKVSEY
C1601,9,YANLHSKEY
C1601,9,LAFLRGLSY
C1601,9,IAAVIARFY
C1601,9,IATSQNRIY
C1601,9,WAGSHSMRY
C1601,9,LASELNKQY
C1601,9,LAAQGARVY
C1601,9,AACQIARAY
C1601,9,TASYDTRVY
C1601,9,FATIKTVNY
C1601,9,MAYLKIQKY
C1601,9,VASEVRSGY
C1601,9,VATAQGRYY
C1601,9,FAYYRVGEY
C1601,9,YADYRENSY
C1601,9,TANGTPKVY
C1601,9,FAFEHSEEY
C1601,9,YAIDNPLHY
C1601,9,LATLRNYDY
C1601,9,YAYPYSYYY
C1601,9,VAQITQRFY
C1601,9,FAIDKTIAY
C1601,9,FAFDPSVNY
C1601,9,FATVRWIDY
C1601,9,LAQTTRTAY
C1601,9,VATDHKAFY
C1601,9,VATTFTHSY
C1601,9,YAQQWNQYY
C1601,9,FATESSHFY
C1601,9,MASIKKDYY
C1601,9,VAYDSKQYY
C1601,9,SAFLPARFY
C1601,9,FATLRWIDY
C1601,9,SATGLSKGY
C1601,9,HAIKSVKIY
C1601,9,SALEVVRKY
C1601,9,KATTLEKTY
C1601,9,IATTFEHYY
C1601,9,MATGDERFY
C1601,9,FAIETELIY
C1601,9,YAGKNAVAY
C1601,9,IAVEPVKTY
C1601,9,YALGERQSY
C1601,9,VASFRSKAY
C1601,9,YAALHGEFY
C1601,9,FAAHLRCTY
C1601,9,IATLRKYTY
C1601,9,KASGTLREY
C1601,9,NAMPHIKTY
C1601,9,HASTLHRLY
C1601,9,IAYIRITQY
C1601,9,MAAMPQTVY
C1601,9,SAYIKKIGY
C1601,9,PASLRDVAY
C1601,9,FALAREVVY
C1601,9,VAMPYQWEY
C1601,9,FAVDFEKIY
C1601,9,AAFLKAIGY
C1601,9,AAGTRMYEY
C1601,9,IAGLRFWNY
C1601,9,SALEVPRLY
C1601,9,AAVAQNRIY
C1601,9,TASSRIHIY
C1601,9,IANESKKLY
C1601,9,VACPPPPAY
C1601,9,IAQYKPEEY
C1601,9,YASLHGRIY
C1601,9,KASGIIHSY
C1601,9,NAAFPFLAY
C1601,9,HASQSARFY
C1601,9,SATEAERVY
C1601,9,IAFSRPVKY
C1601,9,MAVKQGRFY
C1601,9,AATEKLLEY
C1601,9,YATKERIEY
C1601,9,QASHSYRVY
C1601,9,YAINTVYVY
C1601,9,FAASVAHLY
C1601,9,LAIEDRFVY
C1601,9,YASKGYRGY
C1601,9,FAVAMHLVY
C1601,9,VAIQSVRCY
C1601,9,TATHFPRVY
C1601,9,IAHDGQRIY
C1601,9,FAQHGTFEY
C1601,9,YAKDGRVSY
C1601,9,MASHFDRHY
C1601,9,RAGSFSRFY
C1601,9,SAYARLIDY
C1601,9,AASQINRAY
C1601,9,LAYLRTECY
C1601,9,VATMRSVNY
C1601,9,AASTARHLY
C1601,9,AAAFHPEEY
C1601,9,IALVHTDSY
C1601,9,HAISRYWYY
C1601,9,IASATHNIY
C1601,9,SAASLRNFY
C1601,9,SASGPRPTY
C1601,9,SASQPRLSY
C1601,9,MANIPLPEY
C1601,9,SAGHRDVFY
C1601,9,AAAVPTRSY
C1601,9,TASYVRAQY
C1601,9,RAAPFSLEY
C1601,9,GAFLREYLY
C1601,9,FAQPGSFEY
C1601,9,AATSRTYLY
C1601,9,AAMPRPVSY
C1601,9,TATALAIIY
C1601,9,AASAKDIYY
C1601,9,LANDSIFEY
C1601,9,KAAEMRRIY
C1601,9,AASPFYRGY
C1601,9,FAYHYPYTY
C1601,9,AASDVFKHY
C1601,9,YAFPKEFPY
C1601,9,AANLFAQTY
C1601,9,GANPAARMY
C1601,9,AAAPVIKAY
C1601,9,FANERLQHY
C1601,9,VAAVGNRLY
C1601,9,LAFVKNDSY
C1601,9,NAGIKLENY
C1601,9,AATLTSKLY
C1601,9,AAAHTHPVY
C1601,9,VAIKGSVAY
C1601,9,LANGSILVY
C1601,9,SATAVAQLY
C1601,9,KATILCTSY
C1601,9,IAVLQAEVY
C1601,9,AAVPLYRLY
C1601,9,AAIKAIKLY
C1601,9,AASPVVAEY
C1601,9,AAYPQVRCY
C1601,9,QAIKHLKQY
C1601,9,SATYIAEEY
C1601,9,SASPHCPVY
C1601,9,VAFKKTFSY
C1601,9,LAQRGARVY
C1601,9,AAFCKLIVY
C1601,9,LATERRYNY
C1601,9,FANLPNQVY
C1601,9,RAFLKRKEY
C1601,9,GAAGVHFIY
C1601,9,FALLPRLEY
C1601,9,LASFREMVY
C1601,9,SANNRAEYY
C1601,9,RASLLLKTY
C1601,9,VAMIYPLEY
C1601,9,TATYGQTAY
C1601,9,AAAERDVVY
C1601,9,QATTAYFLY
C1601,9,YAFLRREYY
C1601,9,GAFERKMSY
C1601,9,AATAVTNLY
C1601,9,KAVKERYSY
C1601,9,RAVMRNTVY
C1601,9,IAIDVIDAY
C1601,9,KAVSLFLCY
C1601,9,KAANAFHVY
C1601,9,NAIHAILLY
C1601,9,LATTERRFY
C1601,9,YASPVVAFY
C1601,9,AATLAGRLY
C1601,9,IATSHNIVY
C1601,9,HASMGNRPY
C1601,9,YARDETEFY
C1601,9,AASFINLLY
C1601,9,DAVPHPRFY
C1601,9,KAGSGLRQY
C1601,9,SARDAALAY
C1601,9,QASDVSVKY
C1601,9,KAIATTVTY
C1601,9,AAHWRSVNY
C1601,9,LATDNHVAY
C1601,9,TAVPPSRQY
C1601,9,QAQERLQHY
C1601,9,VANVFLEAY
C1601,9,TALERRIEY
C1601,9,RASLKTAIY
C1601,9,FASGANFEY
C1601,9,AAARRFYQY
C1601,9,AAAAAQSVY
C1601,9,FASLVSQDY
C1601,9,RASPFLLQY
C1601,9,RANQKLVEY
C1601,9,HAQGFALTY
C1601,9,MANGEIHIY
C1601,9,YASNQREEY
C1601,9,YATDRKETY
C1601,9,SAAEEVKTY
C1601,9,IAYIRLTQY
C1601,9,IAAQKREEY
C1601,9,FASSEKHSY
C1601,9,KACVKTYHY
C1601,9,KATEYGLAY
C1601,9,VASEMNRIY
C1601,9,LASKLSRKY
C1601,9,YAQEKGIYY
C1601,9,KATVKMEEY
C1601,9,YAQSKGIYY
C1601,9,KAHGSPRVY
C1601,9,TASLNSREY
C1601,9,YAHTKEQTY
C1601,9,FASFSDYYY
C1601,9,AAHIMVKEY
C1601,9,WATSRITAY
C1601,9,NAQVRGDSY
C1601,9,YATQLQNTY
C1601,9,LALARLETY
C1601,9,KATTKIQEY
C1601,9,YAGLKLVEY
C1601,9,VASETGHVY
C1601,9,IANTRTHTY
C1601,9,LASLSNRLY
C1601,9,IAVGLVRAY
C1601,9,AASSLKKQY
C1601,9,RAGDNERVY
C1601,9,AASLRCQNY
C1601,9,AAAPQRQAY
C1601,9,KAVPEGHEY
C1601,9,RAAEQQRAY
C1601,9,QATPHHGVY
C1601,9,KAMESQRAY
C1601,9,VAPSKAREY
C1601,9,SASEAAKKY
C1601,9,QALKHLKQY
C1601,9,KATERTLVY
C1601,9,GATKTSRVY
C1601,9,RAVGTVKVY
C1601,9,LAHQRKVSY
C1601,9,SAAPAKKPY
C1601,9,FANIDQETY
C1601,9,SAVDRQREY
C1601,9,LAAFKPEAY
C1601,9,KAASTFKHY
C1601,9,RAGEKGVAY
C1601,9,QASDTCHSY
C1601,9,RAQDKVHYY
C1601,9,YAHFRRLDY
C1601,9,AASDVTKHY
C1601,9,KANLKMEAY
C1601,9,YATQSHQWY
C1601,9,VATSRIIKY
C1601,9,LATAVVQLY
C1601,9,GANDFHRIY
C1601,9,LAFLRFVVY
C1601,9,MATPYMNHY
C1601,9,AAIQGRPPY
C1601,9,AALVNHESY
C1601,9,HAHLRQQSY
C1601,9,TATRPGVYY
C1601,9,RAHIKEYFY
C1601,9,QAAKELREY
C1601,9,AAGSRARVY
C1601,9,RASRGGQVY
C1601,9,IALLNNIPY
C1601,9,FATRRWIEY
C1601,9,AASTAIYVY
C1601,9,AAFTRALEY
C1601,9,KATQASQEY
C1601,9,VAIPVSIFY
C1601,9,SAVEKAHSY
C1601,9,LASLKSLTY
C1601,9,YAAQQAASY
C1601,9,IATTALAIY
C1601,9,VANLKETGY
C1601,9,MASPGKDNY
C1601,9,VAISPWKTY
C1601,9,EASWRFTFY
C1601,9,VAFSRTDKY
C1601,9,KAADLRAAY
C1601,9,YSQERVNCF
C1601,9,YSQEQRQAF
C1601,9,YSQEPIKTF
C1601,9,KSTDVAKTF
C1601,9,NSAVRTCGF
C1601,9,VSVAERVAF
C1601,9,LSAVGERVF
C1601,9,FSYAFPKEF
C1601,9,VSSHVERVF
C1601,9,KSSDIAKTF
C1601,9,VSSFRPNEF
C1601,9,TSSLRSVCF
C1601,9,FSTSVVRPF
C1601,9,WSSAQAREF
C1601,9,VSDPVTVHF
C1601,9,VSSTKLVSF
C1601,9,VSSTWLRDF
C1601,9,TSSVRESSF
C1601,9,VSQLIQREF
C1601,9,FSVEGQLEF
C1601,9,TSTGVIRDF
C1601,9,QSSSWTRVF
C1601,9,LSQERIIQF
C1601,9,VSSTWDRQF
C1601,9,YSSSFPKEF
C1601,9,LSFVRAFEF
C1601,9,VSYLRPLDF
C1601,9,KSMETKVQF
C1601,9,ISTPVIRTF
C1601,9,ASVYIYRYF
C1601,9,YSMDENLEF
C1601,9,YSNTRAYYF
C1601,9,YSALREIAF
C1601,9,HSTVHLIEF
C1601,9,LSQNRVAEF
C1601,9,VSVTQRTAF
C1601,9,NSSPISHQF
C1601,9,LSQYRDQHF
C1601,9,YSSKLYRFF
C1601,9,YSTPHAFTF
C1601,9,FSVVQPSSF
C1601,9,LSSPVTKSF
C1601,9,NSYLRDQWF
C1601,9,FSVVSPSSF
C1601,9,SSAPTARVF
C1601,9,HSIVRLVAF
C1601,9,KSFEGLFYF
C1601,9,FSSDLQKTF
C1601,9,YSAAKSWVF
C1601,9,FSASKIIVF
C1601,9,SSSYREAVF
C1601,9,TSSSGHPTF
C1601,9,VSATPREDF
C1601,9,LSSFRGQEF
C1601,9,KSSERTAAF
C1601,9,YSMPISIEF
C1601,9,SSSIKTVYF
C1601,9,KSDERLTAF
C1601,9,HSCFRFITF
C1601,9,TSSTRFLVF
C1601,9,SSAPPRTAF
C1601,9,RSALRNWVF
C1601,9,KSTEYAHLF
C1601,9,ISDEANSNF
C1601,9,FSDTGNFGF
C1601,9,KSTSRVTAF
C1601,9,ISATGRGVF
C1601,9,VSTECGHVF
C1601,9,LSSGKLQEF
C1601,9,VSHVRKLVF
C1601,9,VSSWGGYVF
C1601,9,ESTGTVRVF
C1601,9,LSSSRESAF
C1601,9,RSSKFRHVF
C1601,9,YSTKLYRFF
C1601,9,RSSGRVYYF
C1601,9,ASIDQRLTF
C1601,9,LSTPLIRTF
C1601,9,RSFHEVREF
C1601,9,ISSQPRNDF
C1601,9,YSSSRTLLF
C1601,9,KSNCKPSTF
C1601,9,SSSPERHIF
C1601,9,TSTTRALTF
C1601,9,ISSPVILQF
C1601,9,RSYQRFTAF
C1601,9,KSFFRRLSF
C1601,9,VSTEAARTF
C1601,9,NSDTHSSTF
C1601,9,KSHFRNHKF
C1601,9,YSQEVRDLF
C1601,9,YSWERQAAF
C1601,9,FSADSKYIF
C1601,9,VSQQRALAF
C1601,9,RSVEEPREF
C1601,9,ASSPGHPAF
C1601,9,TSAPTGHTF
C1601,9,FSQKIRYVF
C1601,9,SSQKRHWTF
C1601,9,ASAKRAQSF
C1601,9,FSSENVKVF
C1601,9,ASFHRVWSF
C1601,9,VSYLRVKSF
C1601,9,FSTARSHEF
C1601,9,YSNLRPVHF
C1601,9,ASSQKQHSF
C1601,9,LSKERVEAF
C1601,9,MSVGDPRTF
C1601,9,LSSDHVKVF
C1601,9,KSSARAIVF
C1601,9,FSHVEGWSF
C1601,9,LSIFEENLF
C1601,9,YSSEKLSYF
C1601,9,YSAVRNDQF
C1601,9,ASLLRVEPF
C1601,9,FSSFDPRLF
C1601,9,FSSVHKPVF
C1601,9,KSFSRYVSF
C1601,9,YSTDSRESF
C1601,9,YSSDFRQIF
C1601,9,TSSWVIRDL
C1601,9,VSAAIVKEL
C1601,9,ASIGNAQKL
C1601,9,FSFVRVISL
C1601,9,SSNGAKPEL
C1601,9,ASYLRLWAL
C1601,9,FSFVRITAL
C1601,9,LSDLALHFL
C1601,9,YSKDKMWYL
C1601,9,FSQIRKDAL
C1601,9,YSKDSMFSL
C1601,9,FSADPRHIL
C1601,9,LSKFYELEL
C1601,9,YSTAPRPSL
C1601,9,VSYYEKHSL
C1601,9,FSQALQHAL
C1601,9,ISKQFHHQL
C1601,9,LSSSVIREL
C1601,9,ISTPNVNAL
C1601,9,FSAGEPRVL
C1601,9,SSMTRPQEL
C1601,9,TSFIRTIEL
C1601,9,FSSEACREL
C1601,9,VSTLWLHLL
C1601,9,KSKNPGEAL
C1601,9,ISTEFIHKL
C1601,9,FSTLYGRVL
C1601,9,MSSPLSKEL
C1601,9,TSSLPKYPL
C1601,9,FSVNLFRTL
C1601,9,RSHYSPIYL
C1601,9,VSVDTARTL
C1601,9,VSSGVQRVL
C1601,9,FSTDSPRLL
C1601,9,SSTVRTVSL
C1601,9,FSTVVIHFL
C1601,9,VSREVSLEL
C1601,9,YSSVRTEAL
C1601,9,LSSPVQRTL
C1601,9,YSHPHVRLL
C1601,9,LSQERIQSL
C1601,9,LSSLRSVSL
C1601,9,LSKDSILSL
C1601,9,FSKDSSQIL
C1601,9,VSGPGRPEL
C1601,9,ISTIRTQNL
C1601,9,YSLSSTLTL
C1601,9,YSREAYVEL
C1601,9,KSLERATQL
C1601,9,FSNAHINEL
C1601,9,RSNEHIREL
C1601,9,FSKPPNPAL
C1601,9,YSAPVIHVL
C1601,9,LSDDHVLIL
C1601,9,VSRPLFLVL
C1601,9,YSSPLFRSL
C1601,9,NSTYIMRVL
C1601,9,QSNPKVMNL
C1601,9,ASFHRVQAL
C1601,9,VSNVKPLSL
C1601,9,GSFLRIYSL
C1601,9,ASVDKVLEL
C1601,9,VSVTHRPPL
C1601,9,VSKNTFFVL
C1601,9,FSNGHIKVL
C1601,9,KSKDYIVAL
C1601,9,YSNLHEQTL
C1601,9,LSTPYIHSL
C1601,9,TSAAIYHVL
C1601,9,RSRTIVHTL
C1601,9,KSRDYLLTL
C1601,9,ASTARHLYL
C1601,9,RSSTYEVRL
C1601,9,ASTPVAREL
C1601,9,ISTEKVNQL
C1601,9,FSQPGLRSL
C1601,9,SSQEPRPTL
C1601,9,GSDPRVTQL
C1601,9,YSQTGNYEL
C1601,9,RSTDSIRLL
C1601,9,VSSDTCRSL
C1601,9,KSTSYVRTL
C1601,9,YSFHKFHYL
C1601,9,LSQAREHQL
C1601,9,VSMLRILFL
C1601,9,GSTTVFHSL
C1601,9,ISREPSPAL
C1601,9,ISNSHPLSL
C1601,9,LSYLRESSL
C1601,9,FSSPGGLSL
C1601,9,RSFPTLPTL
C1601,9,FSAPPGSEL
C1601,9,VSSDGREVL
C1601,9,RSALPRPSL
C1601,9,ISASGRPPL
C1601,9,QSRPFFNEL
C1601,9,SSSLRSIAL
C1601,9,YSRTPGQVL
C1601,9,VSVTSVAGL
C1601,9,FSAPRHGSL
C1601,9,QSTQRSLAL
C1601,9,TSQFRPVEL
C1601,9,RSLDDALKL
C1601,9,RSAVRPASL
C1601,9,KSTSNITKL
C1601,9,VSQQRALAL
C1601,9,KSIHHARVL
C1601,9,YSSDRIHSL
C1601,9,KSSVKAVIL
C1601,9,ISNPNSIIL
C1601,9,FSREEFPTL
C1601,9,RSFPSVREL
C1601,9,YSNMRQEAL
C1601,9,FSKDWSFYL
C1601,9,VSSSHVRVL
C1601,9,YSVDRLYEL
C1601,9,YSFQDKRNL
C1601,9,ISSNSHRSL
C1601,9,ASTQTTHEL
C1601,9,LSTFRKHSL
C1601,9,KSQDVRQAL
C1601,9,ISNVKKVSL
C1601,9,LSTIQKIAL
C1601,9,ISQVFEIAL
C1601,9,MSSTRAQSL
C1601,9,YSNGNIKKL
C1601,9,NSASPKHSL
C1601,9,SSHARPVSL
C1601,9,LSFIRSTEL
C1601,9,KSIKNVTEL
C1601,9,FSRSDHLAL
C1601,9,FSSSRTATL
C1601,9,ASTSRSLAL
C1601,9,ISARGPSPL
C1601,9,LSRPNIFIL
C1601,9,VSQEVTRSL
C1601,9,TSSAVSKEL
C1601,9,FSIADSIEL
C1601,9,YSRYQTLEL
C1601,9,ISSTVQRQL
C1601,9,FSTPPRQVL
C1601,9,NSSPSRTSL
C1601,9,ISSVPHGEL
C1601,9,RSSPYLRQL
C1601,9,SSSQGRSEL
C1601,9,LSQERELPL
C1601,9,ISSTHVNHL
C1601,9,RSYWKEVLL
C1601,9,NSSTGRTAL
C1601,9,KSCDPKGPL
C1601,9,FSQGGALSL
C1601,9,LSSESARQL
C1601,9,FSNPRALYL
C1601,9,FSFKKPFKL
C1601,9,YSLLKSEAL
C1601,9,YSGLRVQAM
C1601,9,YSNPIKEEM
C1601,9,HSIVQKTAM
C1601,9,YSISERLEM
C1601,9,FSSDVTHEM
C1601,9,YSLTKSHEM
C1601,9,ISNPVTKEM
C1601,9,YSYFSPRTM
C1601,9,SSNWQKEAM
C1601,9,KSKDFVQVM
C1601,9,ISRDPFYEM
C1601,9,SSAPVPKVM
C1601,9,YSMPSTHAM
C1601,9,NSNGIKPVM
C1601,9,VSRAHQLVM
C1601,9,SSSPVFKAM
C1601,9,ASSPVLRQM
C1601,9,TSSPPRLAM
C1601,9,FSVEQITAM
C1601,9,FSFPSLPTM
C1601,9,HSGPLRVAM
C1601,9,ESTVRTIAM
C1601,9,VSTPFHEIM
C1601,9,FSRGSILVM
C1601,9,SSMARIHSM
C1601,9,KSFGGSHVM
C1601,9,ASSPHGLVM
C1601,9,SSVPSKPPM
C1601,9,QSTTRLTEM
C1601,9,YSDLRKESM
C1601,9,TSAEKRAEM
C1601,9,YSAADRSMM
C1601,9,SSAGGKPAM
C1601,9,ASGQPRPEM
C1601,9,KSTTVSHEM
C1601,9,LSAELRGAM
C1601,9,ISVGSKPGM
C1601,9,NSTVRKQAM
C1601,9,HSNLQPVHM
C1601,9,ASNTKLIAM
C1601,9,FSRAIFEEV
C1601,9,FSWWPGRIV
C1601,9,KSKEFVQKV
C1601,9,FSNDIPHVV
C1601,9,ASNEPKPAV
C1601,9,YSNFHPLLV
C1601,9,TSSPVSRVV
C1601,9,LSSNAIREV
C1601,9,YSMPVHAAV
C1601,9,ISAQQNRVV
C1601,9,FSSDNRQIV
C1601,9,YSKEKTISV
C1601,9,FSSWVQLEV
C1601,9,FSEPFHLIV
C1601,9,LSKNPYLSV
C1601,9,ISNPIPIKV
C1601,9,RSFGTGTHV
C1601,9,NSTYRVVSV
C1601,9,LSKDYTLIV
C1601,9,ASKAWTLEV
C1601,9,YSSLRVVGV
C1601,9,ASTVRILEV
C1601,9,VSAPPMPSV
C1601,9,LSKGPGLEV
C1601,9,GSNSKTLRV
C1601,9,YSLSSVVTV
C1601,9,SSLSRFLMV
C1601,9,VSSSAVKTV
C1601,9,TSMTRVIEV
C1601,9,VSNDKALMV
C1601,9,GSTDHIIRV
C1601,9,FSSNPKVQV
C1601,9,SSQERPLKV
C1601,9,YSTPPHRTV
C1601,9,ISSVRAVAV
C1601,9,YSTTSIASV
C1601,9,KSVGKGLQV
C1601,9,KSSDQPLTV
C1601,9,GSTEKVLRV
C1601,9,HSSIRSLEV
C1601,9,KSIARVLTV
C1601,9,YSNVIFLEV
C1601,9,FSSSHPKEV
C1601,9,KSQDNVIKV
C1601,9,ISNPYSRKV
C1601,9,YSSPEILRV
C1601,9,KSGGTALHV
C1601,9,ISSEAHREV
C1601,9,FSYTGRVAV
C1601,9,MSSPQSRTV
C1601,9,QSCGTYLRV
C1601,9,ASLVFPLLV
C1601,9,RSSPQEIKV
C1601,9,RSEEVFLQV
C1601,9,VSNPQTVGV
C1601,9,SSQVHPLAV
C1601,9,KSNGKETVV
C1601,9,TSTPNAKTV
C1601,9,SSSSRFLEV
C1601,9,WSSDKAHKV
C1601,9,FSTDVSHCV
C1601,9,FSQKGTLTV
C1601,9,LSTIREVAV
C1601,9,SSQTQPLKV
C1601,9,YSVPEILRV
C1601,9,SSTSHVPEV
C1601,9,KSEKRHLQV
C1601,9,NSALRQMSY
C1601,9,LSFQEVREY
C1601,9,YSLNKIHAY
C1601,9,FSAYNYRTY
C1601,9,FSMYKPITY
C1601,9,ISAAERDVY
C1601,9,RSTQYMKEY
C1601,9,KSFVKVYNY
C1601,9,YSDPYVKTY
C1601,9,YSSGHNRLY
C1601,9,LSSCYSRVY
C1601,9,LSAGATRVY
C1601,9,MSAGPRYEY
C1601,9,VSSVRWISY
C1601,9,YSSGLVRLY
C1601,9,FSITRPLTY
C1601,9,NSTNKLFQY
C1601,9,YSKDRIYTY
C1601,9,ASAIRSSTY
C1601,9,MSTSVTRGY
C1601,9,YSISRKYDY
C1601,9,ISYYKPEFY
C1601,9,FSAAQHRSY
C1601,9,KSMFQRTTY
C1601,9,RSTDWSSQY
C1601,9,LSTMFRVEY
C1601,9,FSNPYSIEY
C1601,9,VSLLRLYQY
C1601,9,ISAARLYYY
C1601,9,YSSPYPQEY
C1601,9,NSANRLFQY
C1601,9,ISNPTRHVY
C1601,9,ISAPQERLY
C1601,9,FSSDSKKVY
C1601,9,FSHERLEEY
C1601,9,FSNPFFVNY
C1601,9,RSSYVARQY
C1601,9,FSAFLEKEY
C1601,9,FSLVNQIYY
C1601,9,FSEPHARFY
C1601,9,RSHPFIKEY
C1601,9,RSSPPGHYY
C1601,9,FSTSTGRVY
C1601,9,FSVDSPRIY
C1601,9,HSFLKALYY
C1601,9,FSIEKRFAY
C1601,9,KSTAISLFY
C1601,9,YSTIRKQEY
C1601,9,FSAFEKHQY
C1601,9,FSLAPYRDY
C1601,9,QSFTGSRTY
C1601,9,LSSPWYHTY
C1601,9,ISVERVIEY
C1601,9,FSSIEREEY
C1601,9,YSSIQPEEY
C1601,9,KSLWKHHEY
C1601,9,VSSVRLSGY
C1601,9,ASSGALRSY
C1601,9,ASALKAVNY
C1601,9,VSNFKPGVY
C1601,9,KSSGKFFTY
C1601,9,VSLLREVQY
C1601,9,LSADPRSVY
C1601,9,SSADIRKAY
C1601,9,ISAPHMHAY
C1601,9,RSATREPPY
C1601,9,VSNPKSFEY
C1601,9,NSVIKPTQY
C1601,9,LSSVLPREY
C1601,9,ESFLRSQFY
C1601,9,YSTVRTKVY
C1601,9,YSSSRSDLY
C1601,9,LSTTKPFEY
C1601,9,YSSSRYDDY
C1601,9,SSSPTHSLY
C1601,9,YSRYPPREY
C1601,9,ISAPDKRIY
C1601,9,FSSLKLNVY
C1601,9,TSSPNRLVY
C1601,9,TSSIHFEAY
C1601,9,FSVISVVSY
C1601,9,LSLHNDHPY
C1601,9,CSSKPRVEY
C1601,9,ASTVVTYVY
C1601,9,TSSSKNIAY
C1601,9,KSGLKVSEY
C1601,9,YSSPFAFFY
C1601,9,ASKHRIYEY
C1601,9,FSFGYALVY
C1601,9,ASFSDRGVY
C1601,9,ISTKTNKVY
C1601,9,MSAGPKYEY
C1601,9,LSRSRNITY
C1601,9,YSNGFCTVY
C1601,9,ESAINWISY
C1601,9,ISIYRPIDY
C1601,9,LSQSYVKMY
C1601,9,KSAVKNEEY
C1601,9,YSTAQRVTY
C1601,9,NSTFKKSSY
C1601,9,SSAGPRSPY
C1601,9,ISSESARNY
C1601,9,LSAGATKVY
C1601,9,ISSEHARTY
C1601,9,VSASCRHEY
C1601,9,KSQERSMSY
C1601,9,TSSSISRHY
C1601,9,FSNWGHPEY
C1601,9,ASHLRRSQY
C1601,9,KSSLRNAAY
C1601,9,MSTNRQQFY
C1601,9,VSTPRSSFY
C1601,9,YSTSAKVVY
C1601,9,GSYQRGYEY
C1601,9,VSTFGSRAY
C1601,9,VSALEHRVY
C1601,9,NSAGQREEY
C1601,9,FSTKHFQEY
C1601,9,GSHSMRYFY
C1601,9,QSTKVNLLY
C1601,9,YSIQNLYSY
C1601,9,HSVTRGLAY
C1601,9,ASESISRAY
C1601,9,FSRFKDTAY
C1601,9,KSKLRSLSY
C1601,9,SSSSLEKSY
C1601,9,ASSGHYIAY
C1601,9,ESYLRRVVY
C1601,9,FSIPYIISY
C1601,9,SSVTVTRSY
C1601,9,SSQEEVRSY
C1601,9,ISIDGSRSY
C1601,9,VSSIWHRNY
C1601,9,YSYNQFSTY
C1601,9,FTDEESRVF
C1601,9,YTSEGVRYF
C1601,9,YTSSEIRVF
C1601,9,KTTKFIKSF
C1601,9,STMLRLYEF
C1601,9,YTVDGFRYF
C1601,9,STTDVEKSF
C1601,9,NTDEPPMVF
C1601,9,YTIENPRHF
C1601,9,FTTNKKVSF
C1601,9,FTGPLRPFF
C1601,9,FTVPHTHVF
C1601,9,TTTSSSRIF
C1601,9,RTAGPHTQF
C1601,9,TTTTEHRFF
C1601,9,VTVSGQRVF
C1601,9,KTTECSNTF
C1601,9,ITTVIQHVF
C1601,9,MTSSNHRAF
C1601,9,ITNKYQLVF
C1601,9,KTIDPKVAF
C1601,9,KTAENFRQF
C1601,9,RTTNLIRHF
C1601,9,HTAPARTMF
C1601,9,ITDVQLAIF
C1601,9,NTTDRPHAF
C1601,9,FTTKRPNTF
C1601,9,FTEDHYVEF
C1601,9,FTDDSARTF
C1601,9,ATDDPAARF
C1601,9,MTAEERSQF
C1601,9,VTNDNFREF
C1601,9,FTIGMREAF
C1601,9,TTTNRDIAF
C1601,9,NTTVKEQAF
C1601,9,FTGEKELEF
C1601,9,ATEEPGESF
C1601,9,ITNNRTFAF
C1601,9,TTDDHCQEF
C1601,9,FTAGGAIEF
C1601,9,FTSDRGFQF
C1601,9,VTKEFFLLL
C1601,9,FTAEQRQEL
C1601,9,VTMTASRML
C1601,9,FTEKEWPLL
C1601,9,LTNDWEDHL
C1601,9,YTSPNVRSL
C1601,9,YTRQQVLEL
C1601,9,FTVPDTREL
C1601,9,VTNEYQHML
C1601,9,FTADFVRQL
C1601,9,FTSAAFHEL
C1601,9,MTQQPRPVL
C1601,9,YTTDFIYQL
C1601,9,FTREHYMEL
C1601,9,YTADGKEVL
C1601,9,TTTSQAREL
C1601,9,VTDPRVVDL
C1601,9,MTTAFIHAL
C1601,9,ITLLREISL
C1601,9,ITTTVTRVL
C1601,9,ITAPPSRVL
C1601,9,ITVGPRGPL
C1601,9,KTSDFLKVL
C1601,9,YTRDIYKEL
C1601,9,ATNPISRVL
C1601,9,KTDHRNVEL
C1601,9,YTSEMRSEL
C1601,9,FTADVRSVL
C1601,9,YTSPYFYAL
C1601,9,VTNDHQHML
C1601,9,FTKGIPNVL
C1601,9,GTAPSKPPL
C1601,9,FTNDKIINL
C1601,9,RTKDTPLSL
C1601,9,QTSEFIRAL
C1601,9,VTKPPHFIL
C1601,9,QTDHTPVHL
C1601,9,FTPAVHASL
C1601,9,LTCLVPAAL
C1601,9,TTTSLLRSL
C1601,9,VTDGKEVLL
C1601,9,ATISYILTL
C1601,9,STSVRHTAL
C1601,9,YTQIQPHSL
C1601,9,KTHLYTLIL
C1601,9,FTQQQPQEL
C1601,9,NTSLPRPAL
C1601,9,KTTNVNKQL
C1601,9,VTYPGELLL
C1601,9,LTTEVHPEL
C1601,9,RTSTAKPAL
C1601,9,STSKWNHLL
C1601,9,STFLLTREL
C1601,9,QTRGWFYTL
C1601,9,YTSSQIREM
C1601,9,KTAKPKVEM
C1601,9,FTSEKFLVM
C1601,9,KTEDKVRVM
C1601,9,YTAEKLKEM
C1601,9,FTTEQVTAM
C1601,9,NTIDPSHPM
C1601,9,ITRPFPFLM
C1601,9,GTTDVTRTM
C1601,9,CTNPNRHQM
C1601,9,VTSSKPRTM
C1601,9,VTAGVRLAM
C1601,9,TTQKARFEM
C1601,9,ITSSAKVDM
C1601,9,FTLGNVVGM
C1601,9,ATSGIRHAM
C1601,9,YTTDRVMTV
C1601,9,MTDPIRILV
C1601,9,ATYVFLHTV
C1601,9,YTSGTFRTV
C1601,9,FTSPFCLQV
C1601,9,FTTSNIRKV
C1601,9,FTIFRTISV
C1601,9,YTFPAGVSV
C1601,9,ITDPEVVFV
C1601,9,KTDVVVNSV
C1601,9,TTNGGILTV
C1601,9,ATDPTIHTV
C1601,9,KTPDFILQV
C1601,9,RTREEIQEV
C1601,9,FTSSRHTVV
C1601,9,STIVQVLEV
C1601,9,KTQDLFRRV
C1601,9,HTTSYLHEV
C1601,9,YTIPPGHQV
C1601,9,TTNPYVLMV
C1601,9,LTDPAIVKV
C1601,9,YTAAGYRVV
C1601,9,RTNSTFNQV
C1601,9,STNIHELRV
C1601,9,KTKEGVREV
C1601,9,TTISKVSQV
C1601,9,ATYHRAIKV
C1601,9,GTYTGFIKV
C1601,9,ITDPRTVFV
C1601,9,FTHSQFIVV
C1601,9,FTAWRILEV
C1601,9,RTGPTQQQV
C1601,9,KTKDGVREV
C1601,9,VTADFVKIY
C1601,9,STSDVVRQY
C1601,9,YTYLRINFY
C1601,9,YTVENSRVY
C1601,9,ITGERLSAY
C1601,9,VTTTWERLY
C1601,9,ETFQRPYQY
C1601,9,VTSGKIIEY
C1601,9,FTSGYVRFY
C1601,9,FTAERSSYY
C1601,9,ITQGIPRSY
C1601,9,ITAPTVRQY
C1601,9,YTSDYFISY
C1601,9,LTSDPRLPY
C1601,9,RTTFFHHEY
C1601,9,KTIDNQRVY
C1601,9,FTSKLHRMY
C1601,9,LTAKVFRTY
C1601,9,YTMPNFRQY
C1601,9,HTTILRPSY
C1601,9,TTSERIIAY
C1601,9,FTTAQKRVY
C1601,9,ITTPGVRFY
C1601,9,ITTLRKYTY
C1601,9,FTATRPGVY
C1601,9,STTLPRSSY
C1601,9,KTAGKRYVY
C1601,9,ATTVIPRVY
C1601,9,ITSSPHPEY
C1601,9,VTIYRHQEY
C1601,9,TTTGVHNLY
C1601,9,MTCRGFREY
C1601,9,YTRPDRPEY
C1601,9,VTSPIRASY
C1601,9,RTFKRLYQY
C1601,9,VTNLRRVTY
C1601,9,KTTNVRQTY
C1601,9,ITSSSTREY
C1601,9,MTNPHNHLY
C1601,9,KTNLRRTTY
C1601,9,RTTKCVRQY
C1601,9,YTNPTVRRY
C1601,9,YTVEKREGY
C1601,9,LTTLRVWCY
C1601,9,LTTKNIKMY
C1601,9,LTIFTARLY
C1601,9,STTTGHLIY
C1601,9,VTQLRLIFY
C1601,9,FTHPSRLTY
C1601,10,KACDPAARQF
C1601,10,FAYGGHPYPF
C1601,10,IATPGRLIDF
C1601,10,AASFGKSINF
C1601,10,AAAQPSGRFF
C1601,10,FAEVTENFAF
C1601,10,MAYGASFLSF
C1601,10,FAGEATHRTF
C1601,10,VARVWSLMRF
C1601,10,YAANPRPDAL
C1601,10,NAADIENRVL
C1601,10,FATLVSDRFL
C1601,10,SAAGEGKPAL
C1601,10,QAINPKLLQL
C1601,10,YAKNFQPFAL
C1601,10,QAINPKLMQL
C1601,10,AAIDPRVQYL
C1601,10,YAVEGRDLTL
C1601,10,VAFSPDGRYL
C1601,10,YAFNGTQRFL
C1601,10,AAINPELLQL
C1601,10,FAGDRDQYIL
C1601,10,RAVEPGRPPL
C1601,10,RARDPGARVL
C1601,10,KASDVLARFL
C1601,10,RATETSRPSL
C1601,10,YARQGGHHEL
C1601,10,FAQDGQHQVL
C1601,10,YATKHLRVLL
C1601,10,VANPEDTRSL
C1601,10,GAWSIPWKWL
C1601,10,RAAPPPLFLL
C1601,10,FAVEAENREM
C1601,10,HAKDPNNLFM
C1601,10,VAAPYSKPSM
C1601,10,YASDEGRVQM
C1601,10,SAMSRYILIM
C1601,10,MATPTPGHIM
C1601,10,NAESGRGQVM
C1601,10,TASENTSRVM
C1601,10,VATQTDQREM
C1601,10,YAAEFHARFV
C1601,10,NAIDPEVQRV
C1601,10,FARYPNGVVV
C1601,10,FAIGGIARTY
C1601,10,FAAQGEPKVY
C1601,10,FAVDLEHHSY
C1601,10,AACGGGGRVY
C1601,10,VAAMPRPVSY
C1601,10,FAQETFGKQY
C1601,10,FAYDPSNYEY
C1601,10,LAVEPKTETY
C1601,10,YATTVIPRVY
C1601,10,VAIEVDGRVY
C1601,10,FAVDPRFLAY
C1601,10,VASDFYLRYY
C1601,10,YAQVKPDGTY
C1601,10,YAFQTEGKLY
C1601,10,TASSGHYIAY
C1601,10,RASPAGPRAY
C1601,10,YAFDKYRDQY
C1601,10,VAQPATAAAY
C1601,10,SAAYIPAHTY
C1601,10,SAADIYIREY
C1601,10,VATELPCHHY
C1601,10,MALPEEYRDY
C1601,10,FASNPQRPGY
C1601,10,YAAVPLYRLY
C1601,10,YALERMGVTY
C1601,10,FAFDRKKRHY
C1601,10,VAFDKDRREY
C1601,10,VAIQAVLSLY
C1601,10,FANDLKPKVY
C1601,10,AASQHVFRFY
C1601,10,YSQEADDRVF
C1601,10,YSSAFTNRIF
C1601,10,GSFDVADRMF
C1601,10,FSFGGKLVTF
C1601,10,SSSFDPSRTF
C1601,10,RSVDVTNTTF
C1601,10,SSFDLLPREF
C1601,10,LSFPTTKTYF
C1601,10,FSAVIDAKSF
C1601,10,KSNEGKELLV
C1601,10,LSNMGTRGSY
C1601,10,ISENGWVEDY
C1601,10,VSTDPRPASY
C1601,10,QSVQSIRPPY
C1601,10,FSSDRTITEY
C1601,10,YSYAGGRGSY
C1601,10,YSMGGPNRFY
C1601,10,FSRFLNKQPY
C1601,10,YSYPTGNHTY
C1601,10,PTTKTYFPHF
C1601,10,TTTTTEHRFF
C1601,10,KTPESGRGAF
C1601,10,HTGCMFRVQF
C1601,10,FTDEESRVFL
C1601,10,RTTTWTRPIM
C1601,10,FTVETASREY
C1601,10,VTSYDPLRIY
C1601,10,FTATRPGVYY
C1601,10,ETTEESLRNY
C1601,10,QTVFDQPQEY
C1601,10,FTPFVDPRVY
C1601,10,FTLGNVVGMY
C1601,11,VAVGQLGVRVF
C1601,11,AAIDWFDGKEF
C1601,11,IAVGYVDDTQF
C1601,11,SASDVHGNFAF
C1601,11,MAASAAETRVF
C1601,11,AAGTKKQFQKF
C1601,11,YAISPGLDITF
C1601,11,VAAAISHGRVF
C1601,11,LAHLDNLKGTF
C1601,11,VASDEIAQHAL
C1601,11,FASKEIAENAL
C1601,11,AAMASLGALAL
C1601,11,FAYDGKDYIAL
C1601,11,FAVDNVGNRTL
C1601,11,YAYDGKDYLAL
C1601,11,FAKPVYPGQTL
C1601,11,YASTEMSLHAL
C1601,11,SAYDGKDYIAL
C1601,11,IAFPDEQAEAL
C1601,11,VAHVDDMPNAL
C1601,11,VATPHARIIEL
C1601,11,AACDPRHGRYL
C1601,11,TANSHLSNLVL
C1601,11,VASVAKESIPL
C1601,11,YAYDGKDYIAL
C1601,11,VATSFIRTIEL
C1601,11,IAILNNNLNTL
C1601,11,VASEAKIQQLM
C1601,11,AALFAPYGTVM
C1601,11,FAIDPHLLLSV
C1601,11,YASPAHAVDAV
C1601,11,AAVIGDVIRVY
C1601,11,AASNAKLALFY
C1601,11,GAYPTQPGQGY
C1601,11,VAIRPSSKKTY
C1601,11,YSAVRPFGCSF
C1601,11,YSKLKKERPDF
C1601,11,YSFDSRHKPAF
C1601,11,VSSDVIDQKVY
C1601,11,GSGNYNDFGNY
C1601,11,LSVAPSKAREY
C1601,11,ASLGKNPTDEY
C1601,11,ISTASGDGRHY
C1601,11,ITSSAKVDMTF
C1601,11,KTVYALPTIAF
C1601,11,KTLERMKKFVF
C1601,11,DTYGSSILSIL
C1601,11,LTVPFEKHSTL
C1601,11,TTTEVNMARVY
C1601,11,ETWAGSHSMRY
